{
	"class_name" : "PinholeCameraParameters",
	"extrinsic" : 
	[
		0.99855857564260686,
		0.04375257192285012,
		-0.03108831711019729,
		0.0,
		0.034758728084096004,
		-0.96849930042099786,
		-0.24657845791150049,
		0.0,
		-0.040897455086890612,
		0.24514244335523289,
		-0.96862406568969894,
		0.0,
		0.1202126458088698,
		0.1287785058743422,
		1.2456453037530641,
		1.0
	],
	"intrinsic" : 
	{
		"height" : 909,
		"intrinsic_matrix" : 
		[
			787.21709204005481,
			0.0,
			0.0,
			0.0,
			787.21709204005481,
			0.0,
			959.5,
			454.0,
			1.0
		],
		"width" : 1920
	},
	"version_major" : 1,
	"version_minor" : 0
}